Name,Chip manufacturer,Owner,Start date,End date,Compute estimate in H100e (median),H100e (5th percentile),H100e (95th percentile),Number of Units (median),Number of Units (5th percentile),Number of Units (95th percentile),Power in MW (median),Power in MW (5th percentile),Power in MW (95th percentile),Source / Link,Notes,Incomplete
Amazon cumulative Trainium through Q1 2024,Amazon,Amazon,1/1/2024,3/31/2024,32836,18425,62883,125513,62977,265015,41,21,82,,Estimates generated on: 03-10-2026 10:46,
Amazon cumulative Trainium through Q2 2024,Amazon,Amazon,1/1/2024,6/30/2024,78230,47616,138875,270423,143178,549213,90,51,175,,Estimates generated on: 03-10-2026 10:46,
Amazon cumulative Trainium through Q3 2024,Amazon,Amazon,1/1/2024,9/30/2024,154207,101611,246659,461032,265875,881871,164,102,292,,Estimates generated on: 03-10-2026 10:46,
Amazon cumulative Trainium through Q4 2024,Amazon,Amazon,1/1/2024,12/31/2024,306330,212809,438612,766739,489708,1333606,295,199,467,,Estimates generated on: 03-10-2026 10:46,
Amazon cumulative Trainium through Q1 2025,Amazon,Amazon,1/1/2024,3/31/2025,445742,357294,576176,981510,707123,1544446,401,308,573,,Estimates generated on: 03-10-2026 10:46,
Amazon cumulative Trainium through Q2 2025,Amazon,Amazon,1/1/2024,6/30/2025,608627,520165,738597,1226824,953420,1792385,525,433,698,,Estimates generated on: 03-10-2026 10:46,
Amazon cumulative Trainium through Q3 2025,Amazon,Amazon,1/1/2024,9/30/2025,799373,701270,933147,1517199,1237506,2078956,670,572,843,,Estimates generated on: 03-10-2026 10:46,
Amazon cumulative Trainium through Q4 2025,Amazon,Amazon,1/1/2024,12/31/2025,1020727,907525,1164343,1856963,1559233,2421792,840,730,1016,,Estimates generated on: 03-10-2026 10:46,
Amazon cumulative Nvidia through Q1 2022,Nvidia,Amazon,1/1/2022,3/31/2022,5639,3345,9665,17885,10611,30654,7,4,12,,Estimates generated on: 03-31-2026 17:30,
Amazon cumulative Nvidia through Q2 2022,Nvidia,Amazon,1/1/2022,6/30/2022,11699,7187,19627,37104,22794,62248,15,9,25,,Estimates generated on: 03-31-2026 17:30,
Amazon cumulative Nvidia through Q3 2022,Nvidia,Amazon,1/1/2022,9/30/2022,18041,11294,29599,56139,34905,92251,23,14,37,,Estimates generated on: 03-31-2026 17:30,
Amazon cumulative Nvidia through Q4 2022,Nvidia,Amazon,1/1/2022,12/31/2022,24716,16189,38598,70046,45063,111984,29,19,46,,Estimates generated on: 03-31-2026 17:30,
Amazon cumulative Nvidia through Q1 2023,Nvidia,Amazon,1/1/2022,3/31/2023,32566,22324,48476,82174,54274,127662,36,24,55,,Estimates generated on: 03-31-2026 17:30,
Amazon cumulative Nvidia through Q2 2023,Nvidia,Amazon,1/1/2022,6/30/2023,50599,35940,71195,104781,71708,156529,50,35,72,,Estimates generated on: 03-31-2026 17:30,
Amazon cumulative Nvidia through Q3 2023,Nvidia,Amazon,1/1/2022,9/30/2023,79486,57977,108615,137390,96959,198315,71,51,100,,Estimates generated on: 03-31-2026 17:30,
Amazon cumulative Nvidia through Q4 2023,Nvidia,Amazon,1/1/2022,12/31/2023,117030,86854,157238,176432,127229,246983,97,72,133,,Estimates generated on: 03-31-2026 17:30,
Amazon cumulative Nvidia through Q1 2024,Nvidia,Amazon,1/1/2022,3/31/2024,168926,126063,224946,228052,166737,312431,134,99,180,,Estimates generated on: 03-31-2026 17:30,
Amazon cumulative Nvidia through Q2 2024,Nvidia,Amazon,1/1/2022,6/30/2024,231843,173684,305890,291121,215290,393088,178,133,236,,Estimates generated on: 03-31-2026 17:30,
Amazon cumulative Nvidia through Q3 2024,Nvidia,Amazon,1/1/2022,9/30/2024,308917,231884,405725,367788,273371,493645,232,173,306,,Estimates generated on: 03-31-2026 17:30,
Amazon cumulative Nvidia through Q4 2024,Nvidia,Amazon,1/1/2022,12/31/2024,458637,347749,597209,477488,357481,632570,321,243,422,,Estimates generated on: 03-31-2026 17:30,
Amazon cumulative Nvidia through Q1 2025,Nvidia,Amazon,1/1/2022,3/31/2025,676864,517153,875705,590311,446806,776484,435,331,565,,Estimates generated on: 03-31-2026 17:30,
Amazon cumulative Nvidia through Q2 2025,Nvidia,Amazon,1/1/2022,6/30/2025,906477,696759,1173285,697281,531773,909126,555,425,719,,Estimates generated on: 03-31-2026 17:30,
Amazon cumulative Nvidia through Q3 2025,Nvidia,Amazon,1/1/2022,9/30/2025,1162405,896719,1504299,807498,616936,1049922,692,532,894,,Estimates generated on: 03-31-2026 17:30,
Amazon cumulative Nvidia through Q4 2025,Nvidia,Amazon,1/1/2022,12/31/2025,1439676,1114045,1854069,918763,706991,1190396,839,649,1080,,Estimates generated on: 03-31-2026 17:30,
Amazon cumulative Nvidia through Q1 2026,Nvidia,Amazon,1/1/2022,3/31/2026,1516244,1172461,1955477,949369,730992,1229791,878,680,1134,,Incomplete: based on Nvidia fiscal quarters ending 1/25/2026. Estimates generated on: 03-31-2026 17:30,checked
China cumulative AMD through Q4 2025,AMD,China,1/1/2024,12/31/2025,10523,8605,12837,31859,26053,38862,24,20,29,,Estimates generated on: 04-03-2026 12:25,
China (official) cumulative Huawei through Q1 2024,Huawei,China,1/1/2024,3/31/2024,45028,,,112500,,,49,,,,,
China (official) cumulative Huawei through Q2 2024,Huawei,China,1/1/2024,6/30/2024,90056,,,225000,,,98,,,,,
China (official) cumulative Huawei through Q3 2024,Huawei,China,1/1/2024,9/30/2024,135084,,,337500,,,146,,,,,
China (official) cumulative Huawei through Q4 2024,Huawei,China,1/1/2024,12/31/2024,180112,,,450000,,,195,,,,,
China (official) cumulative Huawei through Q1 2025,Huawei,China,1/1/2024,3/31/2025,312076,,,650000,,,320,,,,,
China (official) cumulative Huawei through Q2 2025,Huawei,China,1/1/2024,6/30/2025,444040,,,850000,,,445,,,,,
China (official) cumulative Huawei through Q3 2025,Huawei,China,1/1/2024,9/30/2025,576004,,,1050000,,,570,,,,,
China (official) cumulative Huawei through Q4 2025,Huawei,China,1/1/2024,12/31/2025,707968,,,1250000,,,695,,,,,
China cumulative Nvidia through Q1 2022,Nvidia,China,1/1/2022,3/31/2022,9442,6097,14670,29946,19336,46526,12,8,19,,Estimates generated on: 03-31-2026 17:30,
China cumulative Nvidia through Q2 2022,Nvidia,China,1/1/2022,6/30/2022,19532,12612,30347,61947,40000,96245,25,16,39,,Estimates generated on: 03-31-2026 17:30,
China cumulative Nvidia through Q3 2022,Nvidia,China,1/1/2022,9/30/2022,22990,14845,35719,72914,47082,113284,29,19,45,,Estimates generated on: 03-31-2026 17:30,
China cumulative Nvidia through Q4 2022,Nvidia,China,1/1/2022,12/31/2022,31982,22874,45633,101430,72545,144724,41,29,58,,Estimates generated on: 03-31-2026 17:30,
China cumulative Nvidia through Q1 2023,Nvidia,China,1/1/2022,3/31/2023,48857,37456,64595,138597,104518,186676,58,44,77,,Estimates generated on: 03-31-2026 17:30,
China cumulative Nvidia through Q2 2023,Nvidia,China,1/1/2022,6/30/2023,89251,71799,111733,197363,154789,254394,91,72,116,,Estimates generated on: 03-31-2026 17:30,
China cumulative Nvidia through Q3 2023,Nvidia,China,1/1/2022,9/30/2023,154833,126037,190865,282804,226455,355131,142,115,176,,Estimates generated on: 03-31-2026 17:30,
China cumulative Nvidia through Q4 2023,Nvidia,China,1/1/2022,12/31/2023,177626,144703,218590,311956,250552,389602,160,129,197,,Estimates generated on: 03-31-2026 17:30,
China cumulative Nvidia through Q1 2024,Nvidia,China,1/1/2022,3/31/2024,198711,162411,242789,452311,366737,556169,216,176,263,,Estimates generated on: 03-31-2026 17:30,
China cumulative Nvidia through Q2 2024,Nvidia,China,1/1/2022,6/30/2024,232247,190074,283052,676341,544965,838375,305,248,376,,Estimates generated on: 03-31-2026 17:30,
China cumulative Nvidia through Q3 2024,Nvidia,China,1/1/2022,9/30/2024,273355,223455,334016,948793,757095,1188967,415,333,515,,Estimates generated on: 03-31-2026 17:30,
China cumulative Nvidia through Q4 2024,Nvidia,China,1/1/2022,12/31/2024,322045,262118,395651,1273046,1009461,1609695,544,434,683,,Estimates generated on: 03-31-2026 17:30,
China cumulative Nvidia through Q1 2025,Nvidia,China,1/1/2022,3/31/2025,376459,304651,464680,1633284,1287540,2081524,689,545,872,,Estimates generated on: 03-31-2026 17:30,
China cumulative Nvidia through Q2 2025,Nvidia,China,1/1/2022,6/30/2025,399193,322533,493997,1787208,1405961,2279808,750,593,951,,Estimates generated on: 03-31-2026 17:30,
China cumulative Nvidia through Q3 2025,Nvidia,China,1/1/2022,9/30/2025,401714,324640,497189,1804299,1419018,2302091,756,598,960,,Estimates generated on: 03-31-2026 17:30,
China cumulative Nvidia through Q4 2025,Nvidia,China,1/1/2022,12/31/2025,401714,324640,497189,1804299,1419018,2302091,756,598,960,,Estimates generated on: 03-31-2026 17:30,
[TENTATIVE] China smuggled cumulative Nvidia through Q1 2024,Nvidia,China (smuggled),1/1/2024,3/31/2024,25000,5000,123000,28000,5000,137000,,,,https://docs.google.com/document/d/1LdlXXwW9XW75VH21uHP1k1_V-iG4J_-BIUecX6Z2MIg/edit?tab=t.0#heading=h.43hzmy1x9v8p,,
[TENTATIVE] China smuggled cumulative Nvidia through Q2 2024,Nvidia,China (smuggled),1/1/2024,6/30/2024,57000,11000,276000,64000,12000,310000,,,,https://docs.google.com/document/d/1LdlXXwW9XW75VH21uHP1k1_V-iG4J_-BIUecX6Z2MIg/edit?tab=t.0#heading=h.43hzmy1x9v8p,,
[TENTATIVE] China smuggled cumulative Nvidia through Q3 2024,Nvidia,China (smuggled),1/1/2024,9/30/2024,93000,18000,453000,106000,21000,509000,,,,https://docs.google.com/document/d/1LdlXXwW9XW75VH21uHP1k1_V-iG4J_-BIUecX6Z2MIg/edit?tab=t.0#heading=h.43hzmy1x9v8p,,
[TENTATIVE] China smuggled cumulative Nvidia through Q4 2024,Nvidia,China (smuggled),1/1/2024,12/31/2024,137000,27000,666000,156000,31000,748000,,,,https://docs.google.com/document/d/1LdlXXwW9XW75VH21uHP1k1_V-iG4J_-BIUecX6Z2MIg/edit?tab=t.0#heading=h.43hzmy1x9v8p,,
[TENTATIVE] China smuggled cumulative Nvidia through Q1 2025,Nvidia,China (smuggled),1/1/2024,3/31/2025,183000,33000,926000,192000,36000,954000,,,,https://docs.google.com/document/d/1LdlXXwW9XW75VH21uHP1k1_V-iG4J_-BIUecX6Z2MIg/edit?tab=t.0#heading=h.43hzmy1x9v8p,,
[TENTATIVE] China smuggled cumulative Nvidia through Q2 2025,Nvidia,China (smuggled),1/1/2024,6/30/2025,291000,61000,1386000,248000,51000,1188000,,,,https://docs.google.com/document/d/1LdlXXwW9XW75VH21uHP1k1_V-iG4J_-BIUecX6Z2MIg/edit?tab=t.0#heading=h.43hzmy1x9v8p,,
[TENTATIVE] China smuggled cumulative Nvidia through Q3 2025,Nvidia,China (smuggled),1/1/2024,9/30/2025,391000,86000,1792000,299000,63000,1392000,,,,https://docs.google.com/document/d/1LdlXXwW9XW75VH21uHP1k1_V-iG4J_-BIUecX6Z2MIg/edit?tab=t.0#heading=h.43hzmy1x9v8p,,
[TENTATIVE] China smuggled cumulative Nvidia through Q4 2025,Nvidia,China (smuggled),1/1/2024,12/31/2025,474000,99000,2226000,340000,70000,1610000,,,,https://docs.google.com/document/d/1LdlXXwW9XW75VH21uHP1k1_V-iG4J_-BIUecX6Z2MIg/edit?tab=t.0#heading=h.43hzmy1x9v8p,,
Google cumulative TPU through Q1 2023,Google,Google,1/1/2023,3/31/2023,38948,30098,49282,271365,210096,342966,80,61,102,,Estimates generated on: 03-27-2026 18:13,
Google cumulative TPU through Q2 2023,Google,Google,1/1/2023,6/30/2023,72128,56163,91134,458372,358146,574647,130,101,164,,Estimates generated on: 03-27-2026 18:13,
Google cumulative TPU through Q3 2023,Google,Google,1/1/2023,9/30/2023,123735,95464,157323,721396,560881,908997,190,148,239,,Estimates generated on: 03-27-2026 18:13,
Google cumulative TPU through Q4 2023,Google,Google,1/1/2023,12/31/2023,208719,158962,264463,1129462,868039,1427183,287,223,360,,Estimates generated on: 03-27-2026 18:13,
Google cumulative TPU through Q1 2024,Google,Google,1/1/2023,3/31/2024,331115,256020,417549,1634542,1257080,2068871,427,333,535,,Estimates generated on: 03-27-2026 18:13,
Google cumulative TPU through Q2 2024,Google,Google,1/1/2023,6/30/2024,475485,371254,595920,2164984,1668534,2729077,592,466,739,,Estimates generated on: 03-27-2026 18:13,
Google cumulative TPU through Q3 2024,Google,Google,1/1/2023,9/30/2024,662148,522343,821325,2739185,2113018,3441064,779,616,964,,Estimates generated on: 03-27-2026 18:13,
Google cumulative TPU through Q4 2024,Google,Google,1/1/2023,12/31/2024,951445,756547,1167710,3359641,2613182,4200767,991,786,1220,,Estimates generated on: 03-27-2026 18:13,
Google cumulative TPU through Q1 2025,Google,Google,1/1/2023,3/31/2025,1397489,1118953,1691271,3963271,3121081,4906440,1221,977,1488,,Estimates generated on: 03-27-2026 18:13,
Google cumulative TPU through Q2 2025,Google,Google,1/1/2023,6/30/2025,2029124,1625994,2438930,4662948,3697279,5714538,1492,1199,1803,,Estimates generated on: 03-27-2026 18:13,
Google cumulative TPU through Q3 2025,Google,Google,1/1/2023,9/30/2025,2836565,2270386,3399699,5451882,4353583,6637775,1823,1475,2186,,Estimates generated on: 03-27-2026 18:13,
Google cumulative TPU through Q4 2025,Google,Google,1/1/2023,12/31/2025,3812878,3083116,4537332,6136449,4918260,7435206,2223,1813,2653,,Estimates generated on: 03-27-2026 18:13,
Google cumulative TPU through Q1 2026,Google,Google,1/1/2023,3/31/2026,4173802,3383807,4960594,6346520,5095453,7679682,2372,1936,2822,,Incomplete: based on Broadcom fiscal quarters ending 2/1/2026. Estimates generated on: 03-27-2026 18:13,checked
Google cumulative Nvidia through Q1 2022,Nvidia,Google,1/1/2022,3/31/2022,5700,3369,9523,18078,10686,30202,7,4,12,,Estimates generated on: 03-31-2026 17:30,
Google cumulative Nvidia through Q2 2022,Nvidia,Google,1/1/2022,6/30/2022,11735,7065,19265,37219,22408,61099,15,9,24,,Estimates generated on: 03-31-2026 17:30,
Google cumulative Nvidia through Q3 2022,Nvidia,Google,1/1/2022,9/30/2022,18074,11132,29327,56193,34487,91273,23,14,37,,Estimates generated on: 03-31-2026 17:30,
Google cumulative Nvidia through Q4 2022,Nvidia,Google,1/1/2022,12/31/2022,24738,16145,38304,70060,44465,111145,29,19,46,,Estimates generated on: 03-31-2026 17:30,
Google cumulative Nvidia through Q1 2023,Nvidia,Google,1/1/2022,3/31/2023,32539,22231,47956,82119,53765,126293,36,24,54,,Estimates generated on: 03-31-2026 17:30,
Google cumulative Nvidia through Q2 2023,Nvidia,Google,1/1/2022,6/30/2023,50483,35866,70692,104447,71344,154205,49,34,71,,Estimates generated on: 03-31-2026 17:30,
Google cumulative Nvidia through Q3 2023,Nvidia,Google,1/1/2022,9/30/2023,79606,58032,108635,137796,96472,195698,71,51,99,,Estimates generated on: 03-31-2026 17:30,
Google cumulative Nvidia through Q4 2023,Nvidia,Google,1/1/2022,12/31/2023,117444,86728,158456,177067,127007,245601,98,71,134,,Estimates generated on: 03-31-2026 17:30,
Google cumulative Nvidia through Q1 2024,Nvidia,Google,1/1/2022,3/31/2024,168548,126024,225603,228645,166651,312543,133,99,180,,Estimates generated on: 03-31-2026 17:30,
Google cumulative Nvidia through Q2 2024,Nvidia,Google,1/1/2022,6/30/2024,231631,173762,307656,291351,215659,393084,178,133,237,,Estimates generated on: 03-31-2026 17:30,
Google cumulative Nvidia through Q3 2024,Nvidia,Google,1/1/2022,9/30/2024,308689,232768,407715,368434,275140,493198,232,174,307,,Estimates generated on: 03-31-2026 17:30,
Google cumulative Nvidia through Q4 2024,Nvidia,Google,1/1/2022,12/31/2024,434378,329468,569105,460833,346406,612008,307,232,404,,Estimates generated on: 03-31-2026 17:30,
Google cumulative Nvidia through Q1 2025,Nvidia,Google,1/1/2022,3/31/2025,614136,468656,800194,553892,417918,727721,401,304,523,,Estimates generated on: 03-31-2026 17:30,
Google cumulative Nvidia through Q2 2025,Nvidia,Google,1/1/2022,6/30/2025,801715,615371,1038493,642385,487897,840014,499,382,647,,Estimates generated on: 03-31-2026 17:30,
Google cumulative Nvidia through Q3 2025,Nvidia,Google,1/1/2022,9/30/2025,1010973,777305,1304268,731720,556960,952882,611,469,790,,Estimates generated on: 03-31-2026 17:30,
Google cumulative Nvidia through Q4 2025,Nvidia,Google,1/1/2022,12/31/2025,1224942,946384,1575144,819162,626537,1061299,724,558,931,,Estimates generated on: 03-31-2026 17:30,
Google cumulative Nvidia through Q1 2026,Nvidia,Google,1/1/2022,3/31/2026,1283382,993023,1649365,841919,645326,1090532,755,583,973,,Incomplete: based on Nvidia fiscal quarters ending 1/25/2026. Estimates generated on: 03-31-2026 17:30,checked
Meta cumulative AMD through Q1 2024,AMD,Meta,1/1/2024,3/31/2024,17633,11667,26496,13345,8829,20053,10,7,15,,Estimates generated on: 04-03-2026 12:25,
Meta cumulative AMD through Q2 2024,AMD,Meta,1/1/2024,6/30/2024,59128,42289,81522,44749,32005,61697,34,24,46,,Estimates generated on: 04-03-2026 12:25,
Meta cumulative AMD through Q3 2024,AMD,Meta,1/1/2024,9/30/2024,108051,79650,145936,81774,60280,110447,61,45,83,,Estimates generated on: 04-03-2026 12:25,
Meta cumulative AMD through Q4 2024,AMD,Meta,1/1/2024,12/31/2024,168024,125155,224130,127163,94719,169625,95,71,127,,Estimates generated on: 04-03-2026 12:25,
Meta cumulative AMD through Q1 2025,AMD,Meta,1/1/2024,3/31/2025,234744,172986,317866,177731,130970,240688,137,101,186,,Estimates generated on: 04-03-2026 12:25,
Meta cumulative AMD through Q2 2025,AMD,Meta,1/1/2024,6/30/2025,280703,205456,381179,211298,154659,287072,166,121,225,,Estimates generated on: 04-03-2026 12:25,
Meta cumulative AMD through Q3 2025,AMD,Meta,1/1/2024,9/30/2025,368954,273690,495231,260857,192659,351759,212,157,286,,Estimates generated on: 04-03-2026 12:25,
Meta cumulative AMD through Q4 2025,AMD,Meta,1/1/2024,12/31/2025,459858,344991,612180,303076,225693,406799,260,194,348,,Estimates generated on: 04-03-2026 12:25,
Meta cumulative Nvidia through Q1 2022,Nvidia,Meta,1/1/2022,3/31/2022,7759,4573,13410,24610,14505,42530,10,6,17,,Estimates generated on: 03-31-2026 17:30,
Meta cumulative Nvidia through Q2 2022,Nvidia,Meta,1/1/2022,6/30/2022,16161,9624,27114,51256,30523,85992,21,12,34,,Estimates generated on: 03-31-2026 17:30,
Meta cumulative Nvidia through Q3 2022,Nvidia,Meta,1/1/2022,9/30/2022,24766,15131,40870,77013,46928,127170,31,19,51,,Estimates generated on: 03-31-2026 17:30,
Meta cumulative Nvidia through Q4 2022,Nvidia,Meta,1/1/2022,12/31/2022,33959,21827,53582,96088,60308,154966,40,25,64,,Estimates generated on: 03-31-2026 17:30,
Meta cumulative Nvidia through Q1 2023,Nvidia,Meta,1/1/2022,3/31/2023,44785,30280,67241,112805,73158,176620,49,32,76,,Estimates generated on: 03-31-2026 17:30,
Meta cumulative Nvidia through Q2 2023,Nvidia,Meta,1/1/2022,6/30/2023,69484,49238,98877,144055,97631,216454,68,47,100,,Estimates generated on: 03-31-2026 17:30,
Meta cumulative Nvidia through Q3 2023,Nvidia,Meta,1/1/2022,9/30/2023,108866,79876,150500,189253,132964,274898,97,70,137,,Estimates generated on: 03-31-2026 17:30,
Meta cumulative Nvidia through Q4 2023,Nvidia,Meta,1/1/2022,12/31/2023,161382,120060,218522,243220,175295,342889,134,98,185,,Estimates generated on: 03-31-2026 17:30,
Meta cumulative Nvidia through Q1 2024,Nvidia,Meta,1/1/2022,3/31/2024,233151,173496,311258,314224,229596,433770,185,136,250,,Estimates generated on: 03-31-2026 17:30,
Meta cumulative Nvidia through Q2 2024,Nvidia,Meta,1/1/2022,6/30/2024,319766,238892,425870,401356,295598,547245,245,182,329,,Estimates generated on: 03-31-2026 17:30,
Meta cumulative Nvidia through Q3 2024,Nvidia,Meta,1/1/2022,9/30/2024,425278,318444,562657,506935,377444,681609,319,239,425,,Estimates generated on: 03-31-2026 17:30,
Meta cumulative Nvidia through Q4 2024,Nvidia,Meta,1/1/2022,12/31/2024,606402,458678,794350,640355,479475,853617,428,322,563,,Estimates generated on: 03-31-2026 17:30,
Meta cumulative Nvidia through Q1 2025,Nvidia,Meta,1/1/2022,3/31/2025,864363,660425,1123724,774243,583765,1023509,563,427,737,,Estimates generated on: 03-31-2026 17:30,
Meta cumulative Nvidia through Q2 2025,Nvidia,Meta,1/1/2022,6/30/2025,1135382,872114,1471297,902220,684272,1183932,705,539,916,,Estimates generated on: 03-31-2026 17:30,
Meta cumulative Nvidia through Q3 2025,Nvidia,Meta,1/1/2022,9/30/2025,1460835,1127760,1891703,1041263,793920,1361797,879,674,1140,,Estimates generated on: 03-31-2026 17:30,
Meta cumulative Nvidia through Q4 2025,Nvidia,Meta,1/1/2022,12/31/2025,1842317,1426111,2383663,1195289,914903,1550154,1079,834,1395,,Estimates generated on: 03-31-2026 17:30,
Meta cumulative Nvidia through Q1 2026,Nvidia,Meta,1/1/2022,3/31/2026,1950294,1509815,2521685,1237234,948420,1605363,1136,878,1472,,Incomplete: based on Nvidia fiscal quarters ending 1/25/2026. Estimates generated on: 03-31-2026 17:30,checked
Microsoft cumulative AMD through Q1 2024,AMD,Microsoft,1/1/2024,3/31/2024,11166,7566,16244,8450,5726,12293,6,4,9,,Estimates generated on: 04-03-2026 12:25,
Microsoft cumulative AMD through Q2 2024,AMD,Microsoft,1/1/2024,6/30/2024,37428,27654,50208,28326,20929,37998,21,16,29,,Estimates generated on: 04-03-2026 12:25,
Microsoft cumulative AMD through Q3 2024,AMD,Microsoft,1/1/2024,9/30/2024,68445,51710,89630,51800,39135,67833,39,29,51,,Estimates generated on: 04-03-2026 12:25,
Microsoft cumulative AMD through Q4 2024,AMD,Microsoft,1/1/2024,12/31/2024,106473,81344,137677,80580,61563,104196,60,46,78,,Estimates generated on: 04-03-2026 12:25,
Microsoft cumulative AMD through Q1 2025,AMD,Microsoft,1/1/2024,3/31/2025,143063,106539,190047,108312,80654,143912,83,62,111,,Estimates generated on: 04-03-2026 12:25,
Microsoft cumulative AMD through Q2 2025,AMD,Microsoft,1/1/2024,6/30/2025,168158,123309,225655,126437,92748,169909,99,72,133,,Estimates generated on: 04-03-2026 12:25,
Microsoft cumulative AMD through Q3 2025,AMD,Microsoft,1/1/2024,9/30/2025,215966,159001,291731,153564,112753,207436,124,91,169,,Estimates generated on: 04-03-2026 12:25,
Microsoft cumulative AMD through Q4 2025,AMD,Microsoft,1/1/2024,12/31/2025,264522,195584,358133,175828,130301,238920,150,110,203,,Estimates generated on: 04-03-2026 12:25,
Microsoft cumulative Nvidia through Q1 2022,Nvidia,Microsoft,1/1/2022,3/31/2022,14769,8717,24931,46839,27647,79068,19,11,32,,Estimates generated on: 04-02-2026 14:47,
Microsoft cumulative Nvidia through Q2 2022,Nvidia,Microsoft,1/1/2022,6/30/2022,30865,18616,50664,97887,59043,160681,39,24,64,,Estimates generated on: 04-02-2026 14:47,
Microsoft cumulative Nvidia through Q3 2022,Nvidia,Microsoft,1/1/2022,9/30/2022,47526,29041,77527,147835,90231,241299,60,36,97,,Estimates generated on: 04-02-2026 14:47,
Microsoft cumulative Nvidia through Q4 2022,Nvidia,Microsoft,1/1/2022,12/31/2022,64868,41836,101945,184172,115823,294334,77,49,122,,Estimates generated on: 04-02-2026 14:47,
Microsoft cumulative Nvidia through Q1 2023,Nvidia,Microsoft,1/1/2022,3/31/2023,85346,57644,128118,215687,140307,336310,94,62,144,,Estimates generated on: 04-02-2026 14:47,
Microsoft cumulative Nvidia through Q2 2023,Nvidia,Microsoft,1/1/2022,6/30/2023,132543,93993,188611,274566,185256,410951,130,90,190,,Estimates generated on: 04-02-2026 14:47,
Microsoft cumulative Nvidia through Q3 2023,Nvidia,Microsoft,1/1/2022,9/30/2023,208155,151564,287576,361006,252237,522629,186,133,262,,Estimates generated on: 04-02-2026 14:47,
Microsoft cumulative Nvidia through Q4 2023,Nvidia,Microsoft,1/1/2022,12/31/2023,307857,227090,417365,463383,330450,653047,256,187,353,,Estimates generated on: 04-02-2026 14:47,
Microsoft cumulative Nvidia through Q1 2024,Nvidia,Microsoft,1/1/2022,3/31/2024,442128,329789,592145,598383,435355,824134,351,260,474,,Estimates generated on: 04-02-2026 14:47,
Microsoft cumulative Nvidia through Q2 2024,Nvidia,Microsoft,1/1/2022,6/30/2024,606713,456120,807608,764422,562992,1036584,466,348,624,,Estimates generated on: 04-02-2026 14:47,
Microsoft cumulative Nvidia through Q3 2024,Nvidia,Microsoft,1/1/2022,9/30/2024,805946,612339,1075458,963228,718147,1301511,606,456,812,,Estimates generated on: 04-02-2026 14:47,
Microsoft cumulative Nvidia through Q4 2024,Nvidia,Microsoft,1/1/2022,12/31/2024,1130363,861675,1499322,1203375,902488,1617455,801,606,1070,,Estimates generated on: 04-02-2026 14:47,
Microsoft cumulative Nvidia through Q1 2025,Nvidia,Microsoft,1/1/2022,3/31/2025,1554707,1192549,2048684,1422585,1079619,1899819,1022,781,1349,,Estimates generated on: 04-02-2026 14:47,
Microsoft cumulative Nvidia through Q2 2025,Nvidia,Microsoft,1/1/2022,6/30/2025,2006379,1545542,2630300,1635032,1243200,2166494,1259,967,1655,,Estimates generated on: 04-02-2026 14:47,
Microsoft cumulative Nvidia through Q3 2025,Nvidia,Microsoft,1/1/2022,9/30/2025,2540995,1961442,3302713,1863052,1422789,2453533,1543,1188,2013,,Estimates generated on: 04-02-2026 14:47,
Microsoft cumulative Nvidia through Q4 2025,Nvidia,Microsoft,1/1/2022,12/31/2025,3151494,2424281,4075897,2109969,1617433,2765222,1866,1438,2425,,Estimates generated on: 04-02-2026 14:47,
Microsoft cumulative Nvidia through Q1 2026,Nvidia,Microsoft,1/1/2022,3/31/2026,3323440,2558193,4304925,2177958,1670762,2853913,1955,1506,2543,,Incomplete: based on Nvidia fiscal quarters ending 1/25/2026. Estimates generated on: 04-02-2026 14:47,checked
Oracle cumulative AMD through Q1 2024,AMD,Oracle,1/1/2024,3/31/2024,4460,3035,6591,3376,2297,4988,3,2,4,,Estimates generated on: 04-03-2026 12:25,
Oracle cumulative AMD through Q2 2024,AMD,Oracle,1/1/2024,6/30/2024,14971,11120,19987,11330,8416,15127,9,6,11,,Estimates generated on: 04-03-2026 12:25,
Oracle cumulative AMD through Q3 2024,AMD,Oracle,1/1/2024,9/30/2024,27430,20697,35989,20759,15663,27237,16,12,20,,Estimates generated on: 04-03-2026 12:25,
Oracle cumulative AMD through Q4 2024,AMD,Oracle,1/1/2024,12/31/2024,42580,32241,55056,32225,24401,41667,24,18,31,,Estimates generated on: 04-03-2026 12:25,
Oracle cumulative AMD through Q1 2025,AMD,Oracle,1/1/2024,3/31/2025,58767,41733,83827,44501,31599,63466,34,24,49,,Estimates generated on: 04-03-2026 12:25,
Oracle cumulative AMD through Q2 2025,AMD,Oracle,1/1/2024,6/30/2025,70004,48078,103514,52669,36175,77896,41,28,62,,Estimates generated on: 04-03-2026 12:25,
Oracle cumulative AMD through Q3 2025,AMD,Oracle,1/1/2024,9/30/2025,91249,61223,139164,64683,43682,98081,53,35,80,,Estimates generated on: 04-03-2026 12:25,
Oracle cumulative AMD through Q4 2025,AMD,Oracle,1/1/2024,12/31/2025,113179,74703,175251,74940,50219,114342,64,42,99,,Estimates generated on: 04-03-2026 12:25,
Oracle cumulative Nvidia through Q1 2022,Nvidia,Oracle,1/1/2022,3/31/2022,1606,754,3440,5093,2393,10910,2,1,4,,Estimates generated on: 04-02-2026 14:47,
Oracle cumulative Nvidia through Q2 2022,Nvidia,Oracle,1/1/2022,6/30/2022,3381,1645,6947,10722,5217,22033,4,2,9,,Estimates generated on: 04-02-2026 14:47,
Oracle cumulative Nvidia through Q3 2022,Nvidia,Oracle,1/1/2022,9/30/2022,5223,2578,10392,16239,8031,32400,7,3,13,,Estimates generated on: 04-02-2026 14:47,
Oracle cumulative Nvidia through Q4 2022,Nvidia,Oracle,1/1/2022,12/31/2022,7841,4209,14540,21492,11144,40822,9,5,17,,Estimates generated on: 04-02-2026 14:47,
Oracle cumulative Nvidia through Q1 2023,Nvidia,Oracle,1/1/2022,3/31/2023,11350,6418,19875,26874,14573,49046,12,7,22,,Estimates generated on: 04-02-2026 14:47,
Oracle cumulative Nvidia through Q2 2023,Nvidia,Oracle,1/1/2022,6/30/2023,19084,11499,31968,36809,21090,64233,18,11,31,,Estimates generated on: 04-02-2026 14:47,
Oracle cumulative Nvidia through Q3 2023,Nvidia,Oracle,1/1/2022,9/30/2023,31633,19606,52027,50984,30549,85646,27,17,45,,Estimates generated on: 04-02-2026 14:47,
Oracle cumulative Nvidia through Q4 2023,Nvidia,Oracle,1/1/2022,12/31/2023,54642,35017,85520,74520,46588,120251,43,28,69,,Estimates generated on: 04-02-2026 14:47,
Oracle cumulative Nvidia through Q1 2024,Nvidia,Oracle,1/1/2022,3/31/2024,88506,58910,134235,108954,70560,167931,67,44,103,,Estimates generated on: 04-02-2026 14:47,
Oracle cumulative Nvidia through Q2 2024,Nvidia,Oracle,1/1/2022,6/30/2024,130525,88036,193838,150441,100117,227054,97,65,144,,Estimates generated on: 04-02-2026 14:47,
Oracle cumulative Nvidia through Q3 2024,Nvidia,Oracle,1/1/2022,9/30/2024,181677,123695,265502,201630,135735,299498,132,90,194,,Estimates generated on: 04-02-2026 14:47,
Oracle cumulative Nvidia through Q4 2024,Nvidia,Oracle,1/1/2022,12/31/2024,268779,188551,380146,265760,183387,384565,185,129,264,,Estimates generated on: 04-02-2026 14:47,
Oracle cumulative Nvidia through Q1 2025,Nvidia,Oracle,1/1/2022,3/31/2025,420934,307144,579444,343284,243731,484632,264,190,366,,Estimates generated on: 04-02-2026 14:47,
Oracle cumulative Nvidia through Q2 2025,Nvidia,Oracle,1/1/2022,6/30/2025,596055,439186,814974,426368,306238,591608,355,260,488,,Estimates generated on: 04-02-2026 14:47,
Oracle cumulative Nvidia through Q3 2025,Nvidia,Oracle,1/1/2022,9/30/2025,803155,597304,1079986,515374,375131,706398,466,344,630,,Estimates generated on: 04-02-2026 14:47,
Oracle cumulative Nvidia through Q4 2025,Nvidia,Oracle,1/1/2022,12/31/2025,1031001,770349,1384504,605816,444889,825379,586,436,791,,Estimates generated on: 04-02-2026 14:47,
Oracle cumulative Nvidia through Q1 2026,Nvidia,Oracle,1/1/2022,3/31/2026,1094216,815384,1471064,630366,463407,858882,620,461,836,,Incomplete: based on Nvidia fiscal quarters ending 1/25/2026. Estimates generated on: 04-02-2026 14:47,checked
Other cumulative AMD through Q1 2024,AMD,Other,1/1/2024,3/31/2024,21378,14168,30585,43259,31309,58004,25,18,33,,"Excludes Microsoft, Meta, Oracle, China. Estimates generated on: 04-03-2026 12:25",
Other cumulative AMD through Q2 2024,AMD,Other,1/1/2024,6/30/2024,61532,41741,83655,81827,61724,105990,52,39,68,,"Excludes Microsoft, Meta, Oracle, China. Estimates generated on: 04-03-2026 12:25",
Other cumulative AMD through Q3 2024,AMD,Other,1/1/2024,9/30/2024,138658,104100,176564,155121,122941,190883,107,84,131,,"Excludes Microsoft, Meta, Oracle, China. Estimates generated on: 04-03-2026 12:25",
Other cumulative AMD through Q4 2024,AMD,Other,1/1/2024,12/31/2024,231095,179337,288776,240928,195164,291871,171,138,208,,"Excludes Microsoft, Meta, Oracle, China. Estimates generated on: 04-03-2026 12:25",
Other cumulative AMD through Q1 2025,AMD,Other,1/1/2024,3/31/2025,270194,192921,351366,272087,209268,340218,196,148,247,,"Excludes Microsoft, Meta, Oracle, China. Estimates generated on: 04-03-2026 12:25",
Other cumulative AMD through Q2 2025,AMD,Other,1/1/2024,6/30/2025,294614,201572,389089,289677,215411,368178,210,153,271,,"Excludes Microsoft, Meta, Oracle, China. Estimates generated on: 04-03-2026 12:25",
Other cumulative AMD through Q3 2025,AMD,Other,1/1/2024,9/30/2025,340829,213495,462631,315484,224535,409683,235,161,309,,"Excludes Microsoft, Meta, Oracle, China. Estimates generated on: 04-03-2026 12:25",
Other cumulative AMD through Q4 2025,AMD,Other,1/1/2024,12/31/2025,388586,228136,538546,338109,231608,442485,260,169,348,,"Excludes Microsoft, Meta, Oracle, China. Estimates generated on: 04-03-2026 12:25",
Other cumulative Nvidia through Q1 2022,Nvidia,Other,1/1/2022,3/31/2022,22056,2520,44402,68792,5667,139694,28,2,56,,"Excludes Microsoft, Meta, Amazon, Google, China, xAI. Estimates generated on: 04-01-2026 15:35",
Other cumulative Nvidia through Q2 2022,Nvidia,Other,1/1/2022,6/30/2022,45607,5175,92435,141354,15613,289845,57,6,116,,"Excludes Microsoft, Meta, Amazon, Google, China, xAI. Estimates generated on: 04-01-2026 15:35",
Other cumulative Nvidia through Q3 2022,Nvidia,Other,1/1/2022,9/30/2022,76763,16066,143594,238829,48239,447643,96,20,180,,"Excludes Microsoft, Meta, Amazon, Google, China, xAI. Estimates generated on: 04-01-2026 15:35",
Other cumulative Nvidia through Q4 2022,Nvidia,Other,1/1/2022,12/31/2022,102593,27623,190370,295704,74632,539500,123,34,220,,"Excludes Microsoft, Meta, Amazon, Google, China, xAI. Estimates generated on: 04-01-2026 15:35",
Other cumulative Nvidia through Q1 2023,Nvidia,Other,1/1/2022,3/31/2023,133284,44042,234568,336966,104942,606949,146,53,253,,"Excludes Microsoft, Meta, Amazon, Google, China, xAI. Estimates generated on: 04-01-2026 15:35",
Other cumulative Nvidia through Q2 2023,Nvidia,Other,1/1/2022,6/30/2023,194068,68991,329586,417529,165330,719405,195,91,318,,"Excludes Microsoft, Meta, Amazon, Google, China, xAI. Estimates generated on: 04-01-2026 15:35",
Other cumulative Nvidia through Q3 2023,Nvidia,Other,1/1/2022,9/30/2023,293535,114779,486112,538369,257168,867895,272,143,415,,"Excludes Microsoft, Meta, Amazon, Google, China, xAI. Estimates generated on: 04-01-2026 15:35",
Other cumulative Nvidia through Q4 2023,Nvidia,Other,1/1/2022,12/31/2023,493284,237995,762671,733523,413027,1092848,410,245,587,,"Excludes Microsoft, Meta, Amazon, Google, China, xAI. Estimates generated on: 04-01-2026 15:35",
Other cumulative Nvidia through Q1 2024,Nvidia,Other,1/1/2022,3/31/2024,721958,370871,1101922,975845,585909,1408135,577,348,821,,"Excludes Microsoft, Meta, Amazon, Google, China, xAI. Estimates generated on: 04-01-2026 15:35",
Other cumulative Nvidia through Q2 2024,Nvidia,Other,1/1/2022,6/30/2024,989564,511020,1523356,1245963,760640,1757151,764,455,1081,,"Excludes Microsoft, Meta, Amazon, Google, China, xAI. Estimates generated on: 04-01-2026 15:35",
Other cumulative Nvidia through Q3 2024,Nvidia,Other,1/1/2022,9/30/2024,1214656,596744,1897875,1458151,866845,2115406,911,528,1342,,"Excludes Microsoft, Meta, Amazon, Google, China, xAI. Estimates generated on: 04-01-2026 15:35",
Other cumulative Nvidia through Q4 2024,Nvidia,Other,1/1/2022,12/31/2024,1595079,800685,2493513,1769362,1031535,2532938,1163,678,1669,,"Excludes Microsoft, Meta, Amazon, Google, China, xAI. Estimates generated on: 04-01-2026 15:35",
Other cumulative Nvidia through Q1 2025,Nvidia,Other,1/1/2022,3/31/2025,2052958,1006756,3175197,1944033,1159085,2822244,1373,827,1975,,"Excludes Microsoft, Meta, Amazon, Google, China, xAI. Estimates generated on: 04-01-2026 15:35",
Other cumulative Nvidia through Q2 2025,Nvidia,Other,1/1/2022,6/30/2025,2760789,1463713,4194516,2284382,1463449,3200948,1748,1148,2408,,"Excludes Microsoft, Meta, Amazon, Google, China, xAI. Estimates generated on: 04-01-2026 15:35",
Other cumulative Nvidia through Q3 2025,Nvidia,Other,1/1/2022,9/30/2025,3469848,1867131,5246152,2590119,1679246,3535577,2136,1453,2873,,"Excludes Microsoft, Meta, Amazon, Google, China, xAI. Estimates generated on: 04-01-2026 15:35",
Other cumulative Nvidia through Q4 2025,Nvidia,Other,1/1/2022,12/31/2025,4907892,2850041,7086162,3171495,2238520,4174197,2894,2121,3747,,"Excludes Microsoft, Meta, Amazon, Google, China, xAI. Estimates generated on: 04-01-2026 15:35",
Other cumulative Nvidia through Q1 2026,Nvidia,Other,1/1/2022,3/31/2026,5359033,3150015,7657201,3348809,2373147,4379437,3134,2296,4018,,"Excludes Microsoft, Meta, Amazon, Google, China, xAI. Incomplete: based on Nvidia fiscal quarters ending 1/25/2026. Estimates generated on: 04-01-2026 15:35",checked
Colossus Q3 2024,Nvidia,xAI,1/1/2024,9/30/2024,100000,,,100000,,,70,,,,"See Epoch's Frontier AI Data Centers data. Because this is based on deployed data centers, this is a lumpy and lagging estimate of delivered chips.",
Colossus Q4 2024,Nvidia,xAI,1/1/2024,12/31/2024,100000,,,100000,,,70,,,,"See Epoch's Frontier AI Data Centers data. Because this is based on deployed data centers, this is a lumpy and lagging estimate of delivered chips.",
Colossus Q1 2025,Nvidia,xAI,1/1/2024,3/31/2025,200000,,,200000,,,140,,,,"See Epoch's Frontier AI Data Centers data. Because this is based on deployed data centers, this is a lumpy and lagging estimate of delivered chips.",
Colossus Q2 2025,Nvidia,xAI,1/1/2024,6/30/2025,200000,,,200000,,,140,,,,"See Epoch's Frontier AI Data Centers data. Because this is based on deployed data centers, this is a lumpy and lagging estimate of delivered chips.",
Colossus Q3 2025,Nvidia,xAI,1/1/2024,9/30/2025,553714,,,340000,,,308,,,,"See Epoch's Frontier AI Data Centers data. Because this is based on deployed data centers, this is a lumpy and lagging estimate of delivered chips.",
Colossus Q4 2025,Nvidia,xAI,1/1/2024,12/31/2025,553714,,,340000,,,308,,,,"See Epoch's Frontier AI Data Centers data. Because this is based on deployed data centers, this is a lumpy and lagging estimate of delivered chips. No quarterly breakdown for the same reason",